{
  "layout": {
    "dim": 384,
    "max_degree": 64,
    "node_len": 1796,
    "nodes_per_sector": 2,
    "sectors_per_node": 1,
    "block_size": 4096,
    "npoints": 2681468,
    "medoid": 1129446
  },
  "num_queries": 50,
  "xi_global": 0.3989040060468632,
  "xi_per_query": {
    "mean": 0.3986752016850506,
    "median": 0.3904761904761905,
    "std": 0.06499159645629357,
    "min": 0.2761904761904762,
    "max": 0.5849056603773585,
    "p5": 0.305843561091775,
    "p25": 0.3619047619047619,
    "p75": 0.43294833362722623,
    "p95": 0.5073315363881401
  },
  "or_all_blocks": {
    "mean": 0.3989040060468632,
    "median": 0.0,
    "std": 0.48967295208805167,
    "min": 0.0,
    "max": 1.0,
    "p5": 0.0,
    "p25": 0.0,
    "p75": 1.0,
    "p95": 1.0
  },
  "or_distribution": {
    "total_block_accesses": 5292,
    "blocks_with_or_computed": 5292,
    "blocks_single_node_skipped": 0,
    "blocks_or_zero": 3181,
    "blocks_or_nonzero": 2111,
    "fraction_or_zero": 0.6010959939531368,
    "fraction_or_nonzero": 0.3989040060468632
  },
  "waste_ratio": {
    "mean": 0.3970590157771094,
    "median": 0.40058762753454735,
    "std": 0.056087317479649366,
    "min": 0.19230769230769232,
    "max": 0.485,
    "p5": 0.2844687152906331,
    "p25": 0.38372093023255816,
    "p75": 0.4330763322698807,
    "p95": 0.4667410714285714
  },
  "useful_ratio": {
    "mean": 0.6029409842228906,
    "median": 0.5994123724654528,
    "std": 0.056087317479649366,
    "min": 0.515,
    "max": 0.8076923076923077,
    "p5": 0.5332589285714285,
    "p25": 0.5669236677301194,
    "p75": 0.6162790697674418,
    "p95": 0.7155312847093669
  },
  "read_amplification": {
    "mean": 1.6715275237449752,
    "median": 1.6683141624730409,
    "std": 0.14093887062375957,
    "min": 1.2380952380952381,
    "max": 1.941747572815534,
    "p5": 1.397931785195936,
    "p25": 1.6226415094339623,
    "p75": 1.7639219637296208,
    "p95": 1.8752941176470588
  },
  "nodes_visited_per_query": {
    "mean": 105.84,
    "median": 105.0,
    "std": 2.8309715646752793,
    "min": 102.0,
    "max": 121.0,
    "p5": 103.0,
    "p25": 105.0,
    "p75": 106.75,
    "p95": 109.55
  },
  "nodes_loaded_per_query": {
    "mean": 176.92,
    "median": 176.0,
    "std": 15.749082512959285,
    "min": 130.0,
    "max": 222.0,
    "p5": 146.9,
    "p25": 172.0,
    "p75": 185.5,
    "p95": 196.0
  },
  "sectors_read_per_query": {
    "mean": 88.46,
    "median": 88.0,
    "std": 7.874541256479643,
    "min": 65.0,
    "max": 111.0,
    "p5": 73.45,
    "p25": 86.0,
    "p75": 92.75,
    "p95": 98.0
  },
  "wasted_nodes_per_query": {
    "mean": 71.08,
    "median": 71.0,
    "std": 15.049039836481263,
    "min": 25.0,
    "max": 101.0,
    "p5": 41.8,
    "p25": 66.0,
    "p75": 79.75,
    "p95": 91.55
  }
}